Lake,Year,variable,LakeAvg
Claytor Lake,1973,DIN,0.33208333333333334
Claytor Lake,1973,TSS,9.166666666666666
Claytor Lake,1974,DIN,0.39666666666666667
Claytor Lake,1974,TSS,6.666666666666667
Claytor Lake,1975,DIN,0.3146875
Claytor Lake,1975,TSS,3.333333333333333
Claytor Lake,1976,TSS,2
Claytor Lake,1979,DIN,0.37
Claytor Lake,1979,PHOSPHORUS_TOTAL,0.13333333333333333
Claytor Lake,1979,TSS,5
Claytor Lake,1980,DIN,0.42000000000000004
Claytor Lake,1980,PHOSPHORUS_TOTAL,0.1
Claytor Lake,1980,TSS,5.666666666666667
Claytor Lake,1981,DIN,0.24666666666666667
Claytor Lake,1981,PHOSPHORUS_TOTAL,0.1
Claytor Lake,1981,TSS,9.833333333333334
Claytor Lake,1982,DIN,0.37333333333333335
Claytor Lake,1982,PHOSPHORUS_TOTAL,0.1
Claytor Lake,1982,TSS,5.833333333333333
Claytor Lake,1983,DIN,0.5425925925925926
Claytor Lake,1983,PHOSPHORUS_TOTAL,0.04203703703703704
Claytor Lake,1983,SECCHI_DEPTH,1.5833333333333335
Claytor Lake,1983,TSS,11.083333333333334
Claytor Lake,1984,DIN,0.5460185185185186
Claytor Lake,1984,PHOSPHORUS_TOTAL,0.04083333333333333
Claytor Lake,1984,TSS,7.62037037037037
Claytor Lake,1985,DIN,0.2775
Claytor Lake,1985,PHOSPHORUS_TOTAL,0.13333333333333333
Claytor Lake,1985,TSS,5
Claytor Lake,1986,DIN,0.4356944444444445
Claytor Lake,1986,PHOSPHORUS_TOTAL,0.0825
Claytor Lake,1986,TSS,6.5
Claytor Lake,1987,DIN,0.45564814814814814
Claytor Lake,1987,PHOSPHORUS_TOTAL,0.0763888888888889
Claytor Lake,1987,TSS,6.138888888888889
Claytor Lake,1988,DIN,0.32125000000000004
Claytor Lake,1988,PHOSPHORUS_TOTAL,0.15562499999999999
Claytor Lake,1988,TSS,4.409722222222222
Claytor Lake,1989,DIN,0.4691666666666667
Claytor Lake,1989,PHOSPHORUS_TOTAL,0.04694444444444444
Claytor Lake,1989,TSS,6.290740740740741
Claytor Lake,1990,CHLa,5.390666666666666
Claytor Lake,1990,DIN,0.5578009259259259
Claytor Lake,1990,PHOSPHORUS_TOTAL,0.08664351851851852
Claytor Lake,1990,TSS,8.147486772486772
Claytor Lake,1991,DIN,0.3472222222222222
Claytor Lake,1991,PHOSPHORUS_TOTAL,0.08722222222222223
Claytor Lake,1991,TSS,5
Claytor Lake,1992,DIN,0.41666666666666663
Claytor Lake,1992,PHOSPHORUS_TOTAL,0.1
Claytor Lake,1992,TSS,4.833333333333333
Claytor Lake,1993,DIN,0.40499999999999997
Claytor Lake,1993,PHOSPHORUS_TOTAL,0.1
Claytor Lake,1993,TSS,7.166666666666667
Claytor Lake,1994,DIN,0.385
Claytor Lake,1994,PHOSPHORUS_TOTAL,0.1
Claytor Lake,1994,TSS,5.833333333333333
Claytor Lake,1995,DIN,0.3745833333333333
Claytor Lake,1995,PHOSPHORUS_TOTAL,0.08791666666666667
Claytor Lake,1995,TSS,6.875
Claytor Lake,1996,DIN,0.47129629629629627
Claytor Lake,1996,PHOSPHORUS_TOTAL,0.028734567901234565
Claytor Lake,1996,TSS,5.021604938271605
Claytor Lake,1997,DIN,0.39916666666666667
Claytor Lake,1997,PHOSPHORUS_TOTAL,0.03777777777777778
Claytor Lake,1997,TSS,6.388888888888889
Claytor Lake,1998,DIN,0.46305555555555555
Claytor Lake,1998,PHOSPHORUS_TOTAL,0.03277777777777778
Claytor Lake,1998,SECCHI_DEPTH,1.9333333333333333
Claytor Lake,1998,TSS,5.729166666666667
Claytor Lake,1999,CHLa,7.153
Claytor Lake,1999,DIN,0.21136363636363636
Claytor Lake,1999,PHOSPHORUS_TOTAL,0.023148148148148147
Claytor Lake,1999,SECCHI_DEPTH,2.1172222222222223
Claytor Lake,1999,TSS,5.168181818181818
Claytor Lake,2000,CHLa,9.851166666666666
Claytor Lake,2000,DIN,0.3810472222222222
Claytor Lake,2000,PHOSPHORUS_TOTAL,0.01937222222222222
Claytor Lake,2000,TSS,4.339814814814814
Claytor Lake,2001,CHLa,8.78202380952381
Claytor Lake,2001,DIN,0.27119444444444446
Claytor Lake,2001,PHOSPHORUS_TOTAL,0.025
Claytor Lake,2001,SECCHI_DEPTH,1.9583333333333335
Claytor Lake,2001,TSS,5.657264957264957
Claytor Lake,2002,CHLa,6.183462962962963
Claytor Lake,2002,DIN,0.14703174603174604
Claytor Lake,2002,PHOSPHORUS_TOTAL,0.021333333333333333
Claytor Lake,2002,SECCHI_DEPTH,1.7866666666666666
Claytor Lake,2002,TSS,4.0396825396825395
Claytor Lake,2003,CHLa,11.952916666666667
Claytor Lake,2003,NITROGEN_TOTAL,0.7113888888888888
Claytor Lake,2003,PHOSPHORUS_TOTAL,0.020694444444444446
Claytor Lake,2003,SECCHI_DEPTH,1.5847222222222221
Claytor Lake,2003,TSS,9
Claytor Lake,2004,CHLa,10.642222222222221
Claytor Lake,2004,NITROGEN_TOTAL,0.7859722222222222
Claytor Lake,2004,PHOSPHORUS_TOTAL,0.03277777777777778
Claytor Lake,2004,SECCHI_DEPTH,1.5283333333333333
Claytor Lake,2005,CHLa,6.695555555555556
Claytor Lake,2005,NITROGEN_TOTAL,0.7513888888888889
Claytor Lake,2005,PHOSPHORUS_TOTAL,0.02861111111111111
Claytor Lake,2005,SECCHI_DEPTH,1.7666666666666666
Claytor Lake,2006,CHLa,8.053055555555556
Claytor Lake,2006,NITROGEN_TOTAL,0.6633333333333333
Claytor Lake,2006,PHOSPHORUS_TOTAL,0.02236111111111111
Claytor Lake,2006,SECCHI_DEPTH,1.65
Claytor Lake,2007,CHLa,7.274333333333334
Claytor Lake,2007,NITROGEN_TOTAL,0.6366666666666667
Claytor Lake,2007,PHOSPHORUS_TOTAL,0.026131944444444444
Claytor Lake,2007,SECCHI_DEPTH,1.7666666666666666
Claytor Lake,2007,TSS,4.222222222222222
Claytor Lake,2008,CHLa,7.749444444444444
Claytor Lake,2008,NITROGEN_TOTAL,0.6274074074074074
Claytor Lake,2008,PHOSPHORUS_TOTAL,0.02949074074074074
Claytor Lake,2008,SECCHI_DEPTH,1.8555555555555556
Claytor Lake,2008,TSS,5
Claytor Lake,2009,CHLa,8.619722222222222
Claytor Lake,2009,NITROGEN_TOTAL,0.7571759259259259
Claytor Lake,2009,PHOSPHORUS_TOTAL,0.03740740740740741
Claytor Lake,2009,SECCHI_DEPTH,1.9777777777777779
Claytor Lake,2009,TSS,5
Claytor Lake,2010,CHLa,6.604333333333333
Claytor Lake,2010,NITROGEN_TOTAL,0.7245625
Claytor Lake,2010,PHOSPHORUS_TOTAL,0.031145833333333334
Claytor Lake,2010,SECCHI_DEPTH,1.88
Claytor Lake,2010,TSS,5
Claytor Lake,2011,CHLa,4.641666666666667
Claytor Lake,2011,NITROGEN_TOTAL,0.7489583333333334
Claytor Lake,2011,PHOSPHORUS_TOTAL,0.030520833333333334
Claytor Lake,2011,SECCHI_DEPTH,2.0638888888888887
Claytor Lake,2011,TSS,6.333333333333333
Claytor Lake,2012,CHLa,5.072666666666667
Claytor Lake,2012,NITROGEN_TOTAL,0.7448333333333333
Claytor Lake,2012,PHOSPHORUS_TOTAL,0.028958333333333332
Claytor Lake,2012,SECCHI_DEPTH,1.9966666666666666
Claytor Lake,2012,TSS,3
Claytor Lake,2013,CHLa,9.173333333333334
Claytor Lake,2013,NITROGEN_TOTAL,0.7975462962962963
Claytor Lake,2013,PHOSPHORUS_TOTAL,0.03291666666666667
Claytor Lake,2013,SECCHI_DEPTH,1.711111111111111
Claytor Lake,2013,TSS,6.333333333333333
Claytor Lake,2014,CHLa,6.402
Claytor Lake,2014,NITROGEN_TOTAL,0.6918981481481481
Claytor Lake,2014,PHOSPHORUS_TOTAL,0.023287037037037037
Claytor Lake,2014,SECCHI_DEPTH,1.9361111111111111
Claytor Lake,2014,TSS,6.333333333333333
Claytor Lake,2015,CHLa,7.1610000000000005
Claytor Lake,2015,NITROGEN_TOTAL,0.7137708333333334
Claytor Lake,2015,PHOSPHORUS_TOTAL,0.022416666666666668
Claytor Lake,2015,SECCHI_DEPTH,1.7066666666666666
Claytor Lake,2015,TSS,5.333333333333333
Claytor Lake,2016,CHLa,4.660555555555556
Claytor Lake,2016,NITROGEN_TOTAL,0.6756666666666666
Claytor Lake,2016,PHOSPHORUS_TOTAL,0.03176388888888889
Claytor Lake,2016,SECCHI_DEPTH,1.9305555555555556
Claytor Lake,2016,TSS,4.333333333333333
Claytor Lake,2017,CHLa,4.554444444444445
Claytor Lake,2017,NITROGEN_TOTAL,0.5471296296296296
Claytor Lake,2017,PHOSPHORUS_TOTAL,0.022685185185185187
Claytor Lake,2017,SECCHI_DEPTH,1.9305555555555556
Claytor Lake,2017,TSS,7
Claytor Lake,2018,CHLa,8.2219444444444445
Claytor Lake,2018,NITROGEN_TOTAL,0.7106746031746032
Claytor Lake,2018,PHOSPHORUS_TOTAL,0.03702380952380953
Claytor Lake,2018,SECCHI_DEPTH,1.2527777777777778
Claytor Lake,2018,TSS,5.333333333333333
Claytor Lake,2019,CHLa,6.275555555555556
Claytor Lake,2019,NITROGEN_TOTAL,0.5811805555555556
Claytor Lake,2019,PHOSPHORUS_TOTAL,0.018645833333333334
Claytor Lake,2019,SECCHI_DEPTH,1.8333333333333333
Claytor Lake,2019,TSS,8
Claytor Lake,2020,CHLa,7.77125
Claytor Lake,2020,NITROGEN_TOTAL,0.6471428571428571
Claytor Lake,2020,PHOSPHORUS_TOTAL,0.018928571428571427
Claytor Lake,2020,SECCHI_DEPTH,1.9708333333333332
Claytor Lake,2020,TSS,9.666666666666666
Claytor Lake,2021,CHLa,5.679722222222223
Claytor Lake,2021,NITROGEN_TOTAL,0.6244444444444445
Claytor Lake,2021,PHOSPHORUS_TOTAL,0.014814814814814815
Claytor Lake,2021,SECCHI_DEPTH,2.037777777777778
Claytor Lake,2021,TSS,3.6666666666666665
Claytor Lake,2022,CHLa,5.896111111111111
Claytor Lake,2022,NITROGEN_TOTAL,0.5457407407407407
Claytor Lake,2022,PHOSPHORUS_TOTAL,0.015648148148148147
Claytor Lake,2022,SECCHI_DEPTH,2.2527777777777778
Claytor Lake,2022,TSS,5.333333333333333
Claytor Lake,2023,CHLa,9.104166666666666
Claytor Lake,2023,DIN,0.23
Claytor Lake,2023,NITROGEN_TOTAL,0.5673148148148148
Claytor Lake,2023,PHOSPHORUS_TOTAL,0.01824074074074074
Claytor Lake,2023,SECCHI_DEPTH,1.7555555555555555
Claytor Lake,2023,TSS,4.166666666666667
Claytor Lake,2024,CHLa,6.650277777777778
Claytor Lake,2024,NITROGEN_TOTAL,0.5444444444444444
Claytor Lake,2024,PHOSPHORUS_TOTAL,0.014166666666666668
Claytor Lake,2024,SECCHI_DEPTH,1.8152777777777778
Kerr Reservoir,1990,CHLa,17.34
Kerr Reservoir,2000,CHLa,13.736190476190476
Kerr Reservoir,2000,PHOSPHORUS_TOTAL,0.03
Kerr Reservoir,2000,SECCHI_DEPTH,1.4275
Kerr Reservoir,2002,CHLa,20.266666666666666
Kerr Reservoir,2002,PHOSPHORUS_TOTAL,0.02666666666666667
Kerr Reservoir,2005,CHLa,5.586388888888889
Kerr Reservoir,2005,NITROGEN_TOTAL,0.40750000000000003
Kerr Reservoir,2005,PHOSPHORUS_TOTAL,0.024
Kerr Reservoir,2005,SECCHI_DEPTH,1.7261111111111112
Kerr Reservoir,2007,NITROGEN_TOTAL,0.43
Kerr Reservoir,2007,PHOSPHORUS_TOTAL,0.023333333333333334
Kerr Reservoir,2008,NITROGEN_TOTAL,0.55
Kerr Reservoir,2008,PHOSPHORUS_TOTAL,0.026666666666666665
Kerr Reservoir,2010,CHLa,7.722777777777777
Kerr Reservoir,2010,NITROGEN_TOTAL,0.48305555555555557
Kerr Reservoir,2010,PHOSPHORUS_TOTAL,0.024722222222222222
Kerr Reservoir,2010,SECCHI_DEPTH,1.413888888888889
Kerr Reservoir,2012,CHLa,8.684537037037037
Kerr Reservoir,2012,NITROGEN_TOTAL,0.4124074074074074
Kerr Reservoir,2012,PHOSPHORUS_TOTAL,0.020277777777777777
Kerr Reservoir,2012,SECCHI_DEPTH,1.5555555555555556
Kerr Reservoir,2014,CHLa,6.61
Kerr Reservoir,2014,NITROGEN_TOTAL,0.36953703703703705
Kerr Reservoir,2014,PHOSPHORUS_TOTAL,0.0195
Kerr Reservoir,2014,SECCHI_DEPTH,1.35
Kerr Reservoir,2016,CHLa,7.343796296296296
Kerr Reservoir,2016,NITROGEN_TOTAL,0.4151851851851852
Kerr Reservoir,2016,PHOSPHORUS_TOTAL,0.02587962962962963
Kerr Reservoir,2016,SECCHI_DEPTH,1.2650000000000001
Kerr Reservoir,2018,CHLa,7.828981481481481
Kerr Reservoir,2018,NITROGEN_TOTAL,0.40162037037037035
Kerr Reservoir,2018,PHOSPHORUS_TOTAL,0.031574074074074074
Kerr Reservoir,2018,SECCHI_DEPTH,1.2694444444444444
Kerr Reservoir,2019,CHLa,6.673537037037037
Kerr Reservoir,2019,NITROGEN_TOTAL,0.37444444444444447
Kerr Reservoir,2019,PHOSPHORUS_TOTAL,0.022222222222222223
Kerr Reservoir,2019,SECCHI_DEPTH,1.5527777777777778
Kerr Reservoir,2020,CHLa,6.04125
Kerr Reservoir,2020,NITROGEN_TOTAL,0.35333333333333333
Kerr Reservoir,2020,PHOSPHORUS_TOTAL,0.025833333333333333
Kerr Reservoir,2020,SECCHI_DEPTH,1.84375
Kerr Reservoir,2021,CHLa,7.226333333333334
Kerr Reservoir,2021,NITROGEN_TOTAL,0.33033333333333337
Kerr Reservoir,2021,PHOSPHORUS_TOTAL,0.015666666666666666
Kerr Reservoir,2021,SECCHI_DEPTH,1.5350000000000001
Kerr Reservoir,2022,CHLa,9.417777777777777
Kerr Reservoir,2022,NITROGEN_TOTAL,0.3501666666666667
Kerr Reservoir,2022,PHOSPHORUS_TOTAL,0.019555555555555555
Kerr Reservoir,2022,SECCHI_DEPTH,1.4694444444444443
Kerr Reservoir,2023,CHLa,9.138055555555555
Kerr Reservoir,2023,NITROGEN_TOTAL,0.36694444444444446
Kerr Reservoir,2023,PHOSPHORUS_TOTAL,0.021944444444444444
Kerr Reservoir,2023,SECCHI_DEPTH,1.5222222222222221
Kerr Reservoir,2024,CHLa,9.536111111111111
Kerr Reservoir,2024,NITROGEN_TOTAL,0.40055555555555555
Kerr Reservoir,2024,PHOSPHORUS_TOTAL,0.022222222222222223
Kerr Reservoir,2024,SECCHI_DEPTH,1.7666666666666666
Lake Anna,2002,CHLa,2.0637499999999998
Lake Anna,2002,PHOSPHORUS_TOTAL,0.01
Lake Anna,2002,SECCHI_DEPTH,1.45
Lake Anna,2003,CHLa,6.88
Lake Anna,2003,PHOSPHORUS_TOTAL,0.023333333333333334
Lake Anna,2003,SECCHI_DEPTH,0.7333333333333334
Lake Anna,2004,CHLa,32.33
Lake Anna,2004,NITROGEN_TOTAL,0.82
Lake Anna,2004,PHOSPHORUS_TOTAL,0.06
Lake Anna,2005,CHLa,2.5787500000000003
Lake Anna,2005,NITROGEN_TOTAL,0.436
Lake Anna,2005,PHOSPHORUS_TOTAL,0.014
Lake Anna,2005,SECCHI_DEPTH,2.029166666666667
Lake Anna,2006,CHLa,8.286666666666667
Lake Anna,2006,NITROGEN_TOTAL,0.41666666666666663
Lake Anna,2006,PHOSPHORUS_TOTAL,0.02
Lake Anna,2006,SECCHI_DEPTH,1.4666666666666668
Lake Anna,2007,CHLa,7.0393333333333326
Lake Anna,2007,NITROGEN_TOTAL,0.376
Lake Anna,2007,PHOSPHORUS_TOTAL,0.013333333333333334
Lake Anna,2007,SECCHI_DEPTH,1.6066666666666667
Lake Anna,2008,CHLa,8.8012
Lake Anna,2008,NITROGEN_TOTAL,0.43079999999999996
Lake Anna,2008,PHOSPHORUS_TOTAL,0.026000000000000002
Lake Anna,2008,SECCHI_DEPTH,1.264
Lake Anna,2009,CHLa,9.721166666666667
Lake Anna,2009,NITROGEN_TOTAL,0.445
Lake Anna,2009,PHOSPHORUS_TOTAL,0.024
Lake Anna,2009,SECCHI_DEPTH,1.3513333333333333
Lake Anna,2010,CHLa,10.049999999999999
Lake Anna,2010,NITROGEN_TOTAL,0.42966666666666664
Lake Anna,2010,PHOSPHORUS_TOTAL,0.020333333333333332
Lake Anna,2010,SECCHI_DEPTH,1.166
Lake Anna,2011,CHLa,26.467166666666667
Lake Anna,2011,NITROGEN_TOTAL,0.77
Lake Anna,2011,PHOSPHORUS_TOTAL,0.05608333333333333
Lake Anna,2011,SECCHI_DEPTH,0.9592857142857143
Lake Anna,2012,CHLa,17.634571428571427
Lake Anna,2012,NITROGEN_TOTAL,0.6521111111111111
Lake Anna,2012,PHOSPHORUS_TOTAL,0.04864285714285715
Lake Anna,2012,SECCHI_DEPTH,1.171309523809524
Lake Anna,2013,CHLa,18.38125
Lake Anna,2013,NITROGEN_TOTAL,0.6506018518518518
Lake Anna,2013,PHOSPHORUS_TOTAL,0.0399537037037037
Lake Anna,2013,SECCHI_DEPTH,1.2840625
Lake Anna,2014,CHLa,17.27138888888889
Lake Anna,2014,NITROGEN_TOTAL,0.724547619047619
Lake Anna,2014,PHOSPHORUS_TOTAL,0.05045238095238096
Lake Anna,2014,SECCHI_DEPTH,1.2566666666666666
Lake Anna,2015,CHLa,15.335611111111112
Lake Anna,2015,NITROGEN_TOTAL,0.6001481481481481
Lake Anna,2015,PHOSPHORUS_TOTAL,0.04259259259259259
Lake Anna,2015,SECCHI_DEPTH,1.4551851851851851
Lake Anna,2016,CHLa,14.175555555555556
Lake Anna,2016,NITROGEN_TOTAL,0.6174999999999999
Lake Anna,2016,PHOSPHORUS_TOTAL,0.03685185185185185
Lake Anna,2016,SECCHI_DEPTH,1.4907407407407407
Lake Anna,2017,CHLa,19.348854166666666
Lake Anna,2017,NITROGEN_TOTAL,0.728125
Lake Anna,2017,PHOSPHORUS_TOTAL,0.05541666666666666
Lake Anna,2017,SECCHI_DEPTH,1.0047619047619047
Lake Anna,2018,CHLa,16.120185185185186
Lake Anna,2018,NITROGEN_TOTAL,0.5986574074074075
Lake Anna,2018,PHOSPHORUS_TOTAL,0.033546296296296296
Lake Anna,2018,SECCHI_DEPTH,1.416875
Lake Anna,2019,CHLa,25.632291666666667
Lake Anna,2019,NITROGEN_TOTAL,0.6686458333333334
Lake Anna,2019,PHOSPHORUS_TOTAL,0.06177083333333334
Lake Anna,2019,SECCHI_DEPTH,1.1369047619047619
Lake Anna,2020,CHLa,22.627291666666668
Lake Anna,2020,NITROGEN_TOTAL,0.6448958333333333
Lake Anna,2020,PHOSPHORUS_TOTAL,0.05572916666666666
Lake Anna,2020,SECCHI_DEPTH,1.1752380952380952
Lake Anna,2021,CHLa,36.42281746031746
Lake Anna,2021,NITROGEN_TOTAL,0.9331944444444444
Lake Anna,2021,PHOSPHORUS_TOTAL,0.07456349206349207
Lake Anna,2021,SECCHI_DEPTH,0.8264523809523809
Lake Anna,2022,CHLa,26.393571428571427
Lake Anna,2022,NITROGEN_TOTAL,0.7379960317460318
Lake Anna,2022,PHOSPHORUS_TOTAL,0.05607142857142857
Lake Anna,2022,SECCHI_DEPTH,0.9647619047619048
Lake Anna,2023,CHLa,16.30110984848485
Lake Anna,2023,NITROGEN_TOTAL,0.52875
Lake Anna,2023,PHOSPHORUS_TOTAL,0.031121212121212122
Lake Anna,2023,SECCHI_DEPTH,1.6645833333333333
Lake Anna,2024,CHLa,16.154375
Lake Anna,2024,NITROGEN_TOTAL,0.5331874999999999
Lake Anna,2024,PHOSPHORUS_TOTAL,0.027118055555555555
Lake Anna,2024,SECCHI_DEPTH,1.7166666666666668
SML,1972,DIN,0.5466666666666666
SML,1973,DIN,0.3524603174603175
SML,1974,DIN,0.903
SML,1975,DIN,0.8870370370370371
SML,1979,DIN,0.7533333333333333
SML,1979,PHOSPHORUS_TOTAL,0.1
SML,1979,TSS,18.25
SML,1980,DIN,1.0666666666666667
SML,1980,PHOSPHORUS_TOTAL,0.1
SML,1980,TSS,6.666666666666667
SML,1981,DIN,1.32
SML,1981,PHOSPHORUS_TOTAL,0.1
SML,1981,TSS,15.333333333333334
SML,1982,DIN,1.0483333333333333
SML,1982,PHOSPHORUS_TOTAL,0.10833333333333334
SML,1982,TSS,13.833333333333334
SML,1983,DIN,4.391774691358025
SML,1983,PHOSPHORUS_TOTAL,0.032839506172839504
SML,1983,TSS,10.319444444444445
SML,1984,DIN,0.713510101010101
SML,1984,PHOSPHORUS_TOTAL,0.034305555555555554
SML,1984,TSS,10.409090909090908
SML,1985,DIN,0.7971180555555556
SML,1985,PHOSPHORUS_TOTAL,0.034444444444444444
SML,1985,TSS,6.909722222222222
SML,1986,DIN,0.5680555555555555
SML,1986,PHOSPHORUS_TOTAL,0.03530753968253968
SML,1986,TSS,7.636904761904762
SML,1987,DIN,0.7252820512820513
SML,1987,PHOSPHORUS_TOTAL,0.08628205128205128
SML,1987,TSS,9.540384615384616
SML,1988,DIN,0.582861111111111
SML,1988,PHOSPHORUS_TOTAL,0.0634640522875817
SML,1988,TSS,7.282465277777778
SML,1989,DIN,0.5861294261294261
SML,1989,PHOSPHORUS_TOTAL,0.05639739229024943
SML,1989,TSS,14.778571428571428
SML,1990,CHLa,4.364
SML,1990,DIN,0.5106666666666667
SML,1990,PHOSPHORUS_TOTAL,0.048412698412698414
SML,1990,TSS,6.430555555555555
SML,1991,DIN,0.4017777777777778
SML,1991,PHOSPHORUS_TOTAL,0.048666666666666664
SML,1991,TSS,13.333333333333334
SML,1992,DIN,0.5154166666666666
SML,1992,PHOSPHORUS_TOTAL,0.06622222222222222
SML,1992,TSS,10.433333333333334
SML,1993,DIN,0.3874444444444445
SML,1993,PHOSPHORUS_TOTAL,0.050888888888888886
SML,1993,TSS,7.4
SML,1994,DIN,0.63
SML,1994,PHOSPHORUS_TOTAL,0.1
SML,1994,TSS,14.333333333333334
SML,1995,DIN,0.64
SML,1995,PHOSPHORUS_TOTAL,0.26666666666666666
SML,1995,TSS,21.5
SML,1996,DIN,0.4708148148148148
SML,1996,PHOSPHORUS_TOTAL,0.03803921568627451
SML,1996,TSS,7.309027777777778
SML,1997,DIN,0.5626666666666666
SML,1997,PHOSPHORUS_TOTAL,0.028496732026143792
SML,1997,SECCHI_DEPTH,2.1911111111111112
SML,1997,TSS,5.375
SML,1998,DIN,0.6893827160493827
SML,1998,PHOSPHORUS_TOTAL,0.03666666666666667
SML,1998,SECCHI_DEPTH,2.0666666666666664
SML,1998,TSS,6.838888888888889
SML,1999,CHLa,6.828072916666667
SML,1999,DIN,0.4650222222222222
SML,1999,PHOSPHORUS_TOTAL,0.02507516339869281
SML,1999,SECCHI_DEPTH,2.087083333333333
SML,1999,TSS,5.6637152777777775
SML,2000,CHLa,6.493333333333333
SML,2000,DIN,0.5020370370370371
SML,2000,PHOSPHORUS_TOTAL,0.03032828282828283
SML,2000,TSS,8.386111111111111
SML,2001,CHLa,4.682
SML,2001,DIN,0.4527333333333333
SML,2001,PHOSPHORUS_TOTAL,0.02480392156862745
SML,2001,SECCHI_DEPTH,2.4375
SML,2001,TSS,6.083333333333334
SML,2002,CHLa,3.8654583333333337
SML,2002,DIN,0.5231111111111111
SML,2002,PHOSPHORUS_TOTAL,0.023980392156862745
SML,2002,SECCHI_DEPTH,2.2127083333333335
SML,2002,TSS,6.326041666666667
SML,2003,CHLa,5.0793229166666665
SML,2003,NITROGEN_TOTAL,0.719
SML,2003,PHOSPHORUS_TOTAL,0.07010416666666666
SML,2003,SECCHI_DEPTH,1.9355555555555555
SML,2004,CHLa,4.729979166666666
SML,2004,NITROGEN_TOTAL,0.7538541666666667
SML,2004,PHOSPHORUS_TOTAL,0.02995098039215686
SML,2004,SECCHI_DEPTH,1.990625
SML,2004,TSS,20.666666666666668
SML,2005,CHLa,4.761583333333333
SML,2005,NITROGEN_TOTAL,0.7808854166666667
SML,2005,PHOSPHORUS_TOTAL,0.028833333333333332
SML,2005,SECCHI_DEPTH,1.9010416666666667
SML,2005,TSS,13.666666666666666
SML,2006,CHLa,4.075104166666667
SML,2006,NITROGEN_TOTAL,0.8086458333333334
SML,2006,PHOSPHORUS_TOTAL,0.024362745098039217
SML,2006,SECCHI_DEPTH,2.1185416666666668
SML,2006,TSS,10
SML,2007,CHLa,4.87378125
SML,2007,NITROGEN_TOTAL,0.7893125
SML,2007,PHOSPHORUS_TOTAL,0.02645098039215686
SML,2007,SECCHI_DEPTH,2.1430208333333334
SML,2007,TSS,9.333333333333334
SML,2008,CHLa,4.781166666666667
SML,2008,NITROGEN_TOTAL,0.8830208333333334
SML,2008,PHOSPHORUS_TOTAL,0.025637254901960786
SML,2008,SECCHI_DEPTH,2.3758333333333335
SML,2008,TSS,12.666666666666666
SML,2009,CHLa,7.3028125
SML,2009,NITROGEN_TOTAL,0.7663020833333334
SML,2009,PHOSPHORUS_TOTAL,0.03217787114845939
SML,2009,SECCHI_DEPTH,2.198541666666667
SML,2009,TSS,11.333333333333334
SML,2010,CHLa,5.326943452380952
SML,2010,NITROGEN_TOTAL,0.8467261904761905
SML,2010,PHOSPHORUS_TOTAL,0.03258263305322129
SML,2010,SECCHI_DEPTH,2.1828125
SML,2010,TSS,9.666666666666666
SML,2011,CHLa,4.266395833333333
SML,2011,NITROGEN_TOTAL,0.7867708333333333
SML,2011,PHOSPHORUS_TOTAL,0.02865686274509804
SML,2011,SECCHI_DEPTH,2.176875
SML,2011,TSS,8.333333333333334
SML,2012,CHLa,4.898645833333333
SML,2012,NITROGEN_TOTAL,0.8371354166666667
SML,2012,PHOSPHORUS_TOTAL,0.03411764705882353
SML,2012,SECCHI_DEPTH,2.1664583333333334
SML,2012,TSS,8.666666666666666
SML,2013,CHLa,5.655729166666667
SML,2013,NITROGEN_TOTAL,0.7929166666666667
SML,2013,PHOSPHORUS_TOTAL,0.03072916666666667
SML,2013,SECCHI_DEPTH,2.189583333333333
SML,2014,CHLa,5.7666458333333335
SML,2014,NITROGEN_TOTAL,0.7684375
SML,2014,PHOSPHORUS_TOTAL,0.023854166666666666
SML,2014,SECCHI_DEPTH,2.0035416666666666
SML,2015,CHLa,3.73753125
SML,2015,NITROGEN_TOTAL,0.7354375
SML,2015,PHOSPHORUS_TOTAL,0.021796875
SML,2015,SECCHI_DEPTH,3.019375
SML,2016,CHLa,4.465020833333333
SML,2016,NITROGEN_TOTAL,0.74834375
SML,2016,PHOSPHORUS_TOTAL,0.02803125
SML,2016,SECCHI_DEPTH,2.1972916666666666
SML,2017,CHLa,4.470958333333334
SML,2017,NITROGEN_TOTAL,0.5618333333333333
SML,2017,PHOSPHORUS_TOTAL,0.018270833333333333
SML,2017,SECCHI_DEPTH,1.9388541666666668
SML,2018,CHLa,4.823958333333334
SML,2018,NITROGEN_TOTAL,0.5944791666666667
SML,2018,PHOSPHORUS_TOTAL,0.024375
SML,2018,SECCHI_DEPTH,1.8699999999999999
SML,2019,CHLa,5.532416666666666
SML,2019,NITROGEN_TOTAL,0.6088333333333333
SML,2019,PHOSPHORUS_TOTAL,0.019541666666666666
SML,2019,SECCHI_DEPTH,1.7747916666666668
SML,2020,CHLa,6.1467875
SML,2020,NITROGEN_TOTAL,0.514375
SML,2020,PHOSPHORUS_TOTAL,0.01725
SML,2020,SECCHI_DEPTH,1.7082291666666667
SML,2021,CHLa,6.157288888888889
SML,2021,DIN,0.12838888888888889
SML,2021,NITROGEN_TOTAL,0.5066555555555555
SML,2021,PHOSPHORUS_TOTAL,0.012911111111111111
SML,2021,SECCHI_DEPTH,2.231333333333333
SML,2021,TSS,2.4444444444444446
SML,2022,CHLa,5.221688888888889
SML,2022,DIN,0.12444444444444444
SML,2022,NITROGEN_TOTAL,0.5159111111111111
SML,2022,PHOSPHORUS_TOTAL,0.013777777777777778
SML,2022,SECCHI_DEPTH,2.393333333333333
SML,2022,TSS,2.2555555555555555
SML,2023,CHLa,7.5744444444444445
SML,2023,NITROGEN_TOTAL,0.5036666666666667
SML,2023,PHOSPHORUS_TOTAL,0.014222222222222223
SML,2023,SECCHI_DEPTH,2.2434444444444446
SML,2024,CHLa,5.356888888888888
SML,2024,NITROGEN_TOTAL,0.5341666666666667
SML,2024,PHOSPHORUS_TOTAL,0.010444444444444445
SML,2024,SECCHI_DEPTH,2.482222222222222
